"universe","term","estimate","p.value","conf.low","conf.high","filter_missing_mdeyr_branch","race_branch","family_logistic_branch","covariate_year_branch","formulae_logistic_branch","age_branch","filter_missing_mdeyr_branch_code","race_branch_code","family_logistic_branch_code","formulae_logistic_branch_code","age_branch_code","covariate_year_branch_code","is_significant"
"1","raceBlack",-0.524085484489872,0.000574533683571947,-0.832627569729571,-0.234848887802415,"filter_missing_mdeyr_1","race_1","family_logistic_1","include_year","formulae_logistic_1","age_1","!is.na(mdeyr)","factor(if_else(as.integer(newrace2) %in% c(4, 5), ""Native Hawaiian/Pacific islander/Asian American"", 
    newrace2), levels = c(""White"", ""Black"", ""Native American"", 
    ""Native Hawaiian/Pacific islander/Asian American"", ""Mixed Race"", 
    ""Hispanic""))","binomial","opioid_use_treatment ~ race","catag3",""" + year""",TRUE
"2","raceBlack",-0.642757726482115,0.000226685295361804,-0.993955891016144,-0.309695977726457,"filter_missing_mdeyr_1","race_1","family_logistic_1","include_year","formulae_logistic_2","age_1","!is.na(mdeyr)","factor(if_else(as.integer(newrace2) %in% c(4, 5), ""Native Hawaiian/Pacific islander/Asian American"", 
    newrace2), levels = c(""White"", ""Black"", ""Native American"", 
    ""Native Hawaiian/Pacific islander/Asian American"", ""Mixed Race"", 
    ""Hispanic""))","binomial","opioid_use_treatment ~ race + age + sex + family_income + pop_density + 
    health_insurance + heroin_use_disorder + nicotine_dependence + 
    alcohol_use_disorder + other_drug_use_disorder","catag3",""" + year""",TRUE
"3","raceBlack",-0.636562896105342,0.000241692939720579,-0.985829378931554,-0.305151527190163,"filter_missing_mdeyr_1","race_1","family_logistic_1","include_year","formulae_logistic_2","age_2","!is.na(mdeyr)","factor(if_else(as.integer(newrace2) %in% c(4, 5), ""Native Hawaiian/Pacific islander/Asian American"", 
    newrace2), levels = c(""White"", ""Black"", ""Native American"", 
    ""Native Hawaiian/Pacific islander/Asian American"", ""Mixed Race"", 
    ""Hispanic""))","binomial","opioid_use_treatment ~ race + age + sex + family_income + pop_density + 
    health_insurance + heroin_use_disorder + nicotine_dependence + 
    alcohol_use_disorder + other_drug_use_disorder","catage",""" + year""",TRUE
"4","raceBlack",-0.5892268061653,0.000543899452023028,-0.932344186542322,-0.263470891448377,"filter_missing_mdeyr_1","race_1","family_logistic_1","include_year","formulae_logistic_2","age_3","!is.na(mdeyr)","factor(if_else(as.integer(newrace2) %in% c(4, 5), ""Native Hawaiian/Pacific islander/Asian American"", 
    newrace2), levels = c(""White"", ""Black"", ""Native American"", 
    ""Native Hawaiian/Pacific islander/Asian American"", ""Mixed Race"", 
    ""Hispanic""))","binomial","opioid_use_treatment ~ race + age + sex + family_income + pop_density + 
    health_insurance + heroin_use_disorder + nicotine_dependence + 
    alcohol_use_disorder + other_drug_use_disorder","catag2",""" + year""",TRUE
"5","raceBlack",-0.641700043623013,0.000237207194616522,-0.993439327883333,-0.308152358093998,"filter_missing_mdeyr_1","race_1","family_logistic_1","include_year","formulae_logistic_2","age_4","!is.na(mdeyr)","factor(if_else(as.integer(newrace2) %in% c(4, 5), ""Native Hawaiian/Pacific islander/Asian American"", 
    newrace2), levels = c(""White"", ""Black"", ""Native American"", 
    ""Native Hawaiian/Pacific islander/Asian American"", ""Mixed Race"", 
    ""Hispanic""))","binomial","opioid_use_treatment ~ race + age + sex + family_income + pop_density + 
    health_insurance + heroin_use_disorder + nicotine_dependence + 
    alcohol_use_disorder + other_drug_use_disorder","catag6",""" + year""",TRUE
"6","raceBlack",-0.618213030772916,0.000384777224462856,-0.968817255772787,-0.285314917951418,"filter_missing_mdeyr_1","race_1","family_logistic_1","include_year","formulae_logistic_2","age_5","!is.na(mdeyr)","factor(if_else(as.integer(newrace2) %in% c(4, 5), ""Native Hawaiian/Pacific islander/Asian American"", 
    newrace2), levels = c(""White"", ""Black"", ""Native American"", 
    ""Native Hawaiian/Pacific islander/Asian American"", ""Mixed Race"", 
    ""Hispanic""))","binomial","opioid_use_treatment ~ race + age + sex + family_income + pop_density + 
    health_insurance + heroin_use_disorder + nicotine_dependence + 
    alcohol_use_disorder + other_drug_use_disorder","catag7",""" + year""",TRUE
"7","raceBlack",-0.624793276429728,0.000367189120473782,-0.977996666030712,-0.289594686438854,"filter_missing_mdeyr_1","race_1","family_logistic_1","include_year","formulae_logistic_2","age_6","!is.na(mdeyr)","factor(if_else(as.integer(newrace2) %in% c(4, 5), ""Native Hawaiian/Pacific islander/Asian American"", 
    newrace2), levels = c(""White"", ""Black"", ""Native American"", 
    ""Native Hawaiian/Pacific islander/Asian American"", ""Mixed Race"", 
    ""Hispanic""))","binomial","opioid_use_treatment ~ race + age + sex + family_income + pop_density + 
    health_insurance + heroin_use_disorder + nicotine_dependence + 
    alcohol_use_disorder + other_drug_use_disorder","age2",""" + year""",TRUE
"8","raceBlack",-0.62285651357011,0.000357670164740487,-0.974366088289026,-0.28941566191458,"filter_missing_mdeyr_1","race_1","family_logistic_1","include_year","formulae_logistic_3","age_1","!is.na(mdeyr)","factor(if_else(as.integer(newrace2) %in% c(4, 5), ""Native Hawaiian/Pacific islander/Asian American"", 
    newrace2), levels = c(""White"", ""Black"", ""Native American"", 
    ""Native Hawaiian/Pacific islander/Asian American"", ""Mixed Race"", 
    ""Hispanic""))","binomial","opioid_use_treatment ~ race + age + sex + family_income + pop_density + 
    health_insurance + heroin_use_disorder + nicotine_dependence + 
    alcohol_use_disorder + other_drug_use_disorder + major_depression_episode","catag3",""" + year""",TRUE
"9","raceBlack",-0.616518603635216,0.000382648192809548,-0.966094911355928,-0.284736123581909,"filter_missing_mdeyr_1","race_1","family_logistic_1","include_year","formulae_logistic_3","age_2","!is.na(mdeyr)","factor(if_else(as.integer(newrace2) %in% c(4, 5), ""Native Hawaiian/Pacific islander/Asian American"", 
    newrace2), levels = c(""White"", ""Black"", ""Native American"", 
    ""Native Hawaiian/Pacific islander/Asian American"", ""Mixed Race"", 
    ""Hispanic""))","binomial","opioid_use_treatment ~ race + age + sex + family_income + pop_density + 
    health_insurance + heroin_use_disorder + nicotine_dependence + 
    alcohol_use_disorder + other_drug_use_disorder + major_depression_episode","catage",""" + year""",TRUE
"10","raceBlack",-0.572073784042958,0.000800237550459346,-0.915640712437839,-0.245816866646677,"filter_missing_mdeyr_1","race_1","family_logistic_1","include_year","formulae_logistic_3","age_3","!is.na(mdeyr)","factor(if_else(as.integer(newrace2) %in% c(4, 5), ""Native Hawaiian/Pacific islander/Asian American"", 
    newrace2), levels = c(""White"", ""Black"", ""Native American"", 
    ""Native Hawaiian/Pacific islander/Asian American"", ""Mixed Race"", 
    ""Hispanic""))","binomial","opioid_use_treatment ~ race + age + sex + family_income + pop_density + 
    health_insurance + heroin_use_disorder + nicotine_dependence + 
    alcohol_use_disorder + other_drug_use_disorder + major_depression_episode","catag2",""" + year""",TRUE
"11","raceBlack",-0.621896372342172,0.000372560840134138,-0.973933625253108,-0.287979312248222,"filter_missing_mdeyr_1","race_1","family_logistic_1","include_year","formulae_logistic_3","age_4","!is.na(mdeyr)","factor(if_else(as.integer(newrace2) %in% c(4, 5), ""Native Hawaiian/Pacific islander/Asian American"", 
    newrace2), levels = c(""White"", ""Black"", ""Native American"", 
    ""Native Hawaiian/Pacific islander/Asian American"", ""Mixed Race"", 
    ""Hispanic""))","binomial","opioid_use_treatment ~ race + age + sex + family_income + pop_density + 
    health_insurance + heroin_use_disorder + nicotine_dependence + 
    alcohol_use_disorder + other_drug_use_disorder + major_depression_episode","catag6",""" + year""",TRUE
"12","raceBlack",-0.598980323267476,0.000587814926019463,-0.949826608034659,-0.265787971709836,"filter_missing_mdeyr_1","race_1","family_logistic_1","include_year","formulae_logistic_3","age_5","!is.na(mdeyr)","factor(if_else(as.integer(newrace2) %in% c(4, 5), ""Native Hawaiian/Pacific islander/Asian American"", 
    newrace2), levels = c(""White"", ""Black"", ""Native American"", 
    ""Native Hawaiian/Pacific islander/Asian American"", ""Mixed Race"", 
    ""Hispanic""))","binomial","opioid_use_treatment ~ race + age + sex + family_income + pop_density + 
    health_insurance + heroin_use_disorder + nicotine_dependence + 
    alcohol_use_disorder + other_drug_use_disorder + major_depression_episode","catag7",""" + year""",TRUE
"13","raceBlack",-0.605771486438248,0.000557549286559849,-0.959215222714531,-0.270277135065485,"filter_missing_mdeyr_1","race_1","family_logistic_1","include_year","formulae_logistic_3","age_6","!is.na(mdeyr)","factor(if_else(as.integer(newrace2) %in% c(4, 5), ""Native Hawaiian/Pacific islander/Asian American"", 
    newrace2), levels = c(""White"", ""Black"", ""Native American"", 
    ""Native Hawaiian/Pacific islander/Asian American"", ""Mixed Race"", 
    ""Hispanic""))","binomial","opioid_use_treatment ~ race + age + sex + family_income + pop_density + 
    health_insurance + heroin_use_disorder + nicotine_dependence + 
    alcohol_use_disorder + other_drug_use_disorder + major_depression_episode","age2",""" + year""",TRUE
"14","raceBlack",-0.526537988148554,0.00051170552513282,-0.833867394633765,-0.238674590547101,"filter_missing_mdeyr_1","race_1","family_logistic_1","exclude_year","formulae_logistic_1","age_1","!is.na(mdeyr)","factor(if_else(as.integer(newrace2) %in% c(4, 5), ""Native Hawaiian/Pacific islander/Asian American"", 
    newrace2), levels = c(""White"", ""Black"", ""Native American"", 
    ""Native Hawaiian/Pacific islander/Asian American"", ""Mixed Race"", 
    ""Hispanic""))","binomial","opioid_use_treatment ~ race","catag3","""""",TRUE
"15","raceBlack",-0.667829630517543,0.000129873720046519,-1.01943745879247,-0.334402979815963,"filter_missing_mdeyr_1","race_1","family_logistic_1","exclude_year","formulae_logistic_2","age_1","!is.na(mdeyr)","factor(if_else(as.integer(newrace2) %in% c(4, 5), ""Native Hawaiian/Pacific islander/Asian American"", 
    newrace2), levels = c(""White"", ""Black"", ""Native American"", 
    ""Native Hawaiian/Pacific islander/Asian American"", ""Mixed Race"", 
    ""Hispanic""))","binomial","opioid_use_treatment ~ race + age + sex + family_income + pop_density + 
    health_insurance + heroin_use_disorder + nicotine_dependence + 
    alcohol_use_disorder + other_drug_use_disorder","catag3","""""",TRUE
"16","raceBlack",-0.659478772896051,0.000144604540511189,-1.00901145020703,-0.327824346421548,"filter_missing_mdeyr_1","race_1","family_logistic_1","exclude_year","formulae_logistic_2","age_2","!is.na(mdeyr)","factor(if_else(as.integer(newrace2) %in% c(4, 5), ""Native Hawaiian/Pacific islander/Asian American"", 
    newrace2), levels = c(""White"", ""Black"", ""Native American"", 
    ""Native Hawaiian/Pacific islander/Asian American"", ""Mixed Race"", 
    ""Hispanic""))","binomial","opioid_use_treatment ~ race + age + sex + family_income + pop_density + 
    health_insurance + heroin_use_disorder + nicotine_dependence + 
    alcohol_use_disorder + other_drug_use_disorder","catage","""""",TRUE
"17","raceBlack",-0.615324066962167,0.000310029135972673,-0.958872468084427,-0.289167943053555,"filter_missing_mdeyr_1","race_1","family_logistic_1","exclude_year","formulae_logistic_2","age_3","!is.na(mdeyr)","factor(if_else(as.integer(newrace2) %in% c(4, 5), ""Native Hawaiian/Pacific islander/Asian American"", 
    newrace2), levels = c(""White"", ""Black"", ""Native American"", 
    ""Native Hawaiian/Pacific islander/Asian American"", ""Mixed Race"", 
    ""Hispanic""))","binomial","opioid_use_treatment ~ race + age + sex + family_income + pop_density + 
    health_insurance + heroin_use_disorder + nicotine_dependence + 
    alcohol_use_disorder + other_drug_use_disorder","catag2","""""",TRUE
"18","raceBlack",-0.665852388012279,0.000138558446036008,-1.01789320793867,-0.332021553179194,"filter_missing_mdeyr_1","race_1","family_logistic_1","exclude_year","formulae_logistic_2","age_4","!is.na(mdeyr)","factor(if_else(as.integer(newrace2) %in% c(4, 5), ""Native Hawaiian/Pacific islander/Asian American"", 
    newrace2), levels = c(""White"", ""Black"", ""Native American"", 
    ""Native Hawaiian/Pacific islander/Asian American"", ""Mixed Race"", 
    ""Hispanic""))","binomial","opioid_use_treatment ~ race + age + sex + family_income + pop_density + 
    health_insurance + heroin_use_disorder + nicotine_dependence + 
    alcohol_use_disorder + other_drug_use_disorder","catag6","""""",TRUE
"19","raceBlack",-0.637342067810371,0.000253422052010014,-0.988085740820432,-0.304333399182616,"filter_missing_mdeyr_1","race_1","family_logistic_1","exclude_year","formulae_logistic_2","age_5","!is.na(mdeyr)","factor(if_else(as.integer(newrace2) %in% c(4, 5), ""Native Hawaiian/Pacific islander/Asian American"", 
    newrace2), levels = c(""White"", ""Black"", ""Native American"", 
    ""Native Hawaiian/Pacific islander/Asian American"", ""Mixed Race"", 
    ""Hispanic""))","binomial","opioid_use_treatment ~ race + age + sex + family_income + pop_density + 
    health_insurance + heroin_use_disorder + nicotine_dependence + 
    alcohol_use_disorder + other_drug_use_disorder","catag7","""""",TRUE
"20","raceBlack",-0.644037921405111,0.000242310292694447,-0.997445924104498,-0.308663220196127,"filter_missing_mdeyr_1","race_1","family_logistic_1","exclude_year","formulae_logistic_2","age_6","!is.na(mdeyr)","factor(if_else(as.integer(newrace2) %in% c(4, 5), ""Native Hawaiian/Pacific islander/Asian American"", 
    newrace2), levels = c(""White"", ""Black"", ""Native American"", 
    ""Native Hawaiian/Pacific islander/Asian American"", ""Mixed Race"", 
    ""Hispanic""))","binomial","opioid_use_treatment ~ race + age + sex + family_income + pop_density + 
    health_insurance + heroin_use_disorder + nicotine_dependence + 
    alcohol_use_disorder + other_drug_use_disorder","age2","""""",TRUE
"21","raceBlack",-0.648583708782179,0.000204154148137095,-1.0003954679781,-0.314879681064008,"filter_missing_mdeyr_1","race_1","family_logistic_1","exclude_year","formulae_logistic_3","age_1","!is.na(mdeyr)","factor(if_else(as.integer(newrace2) %in% c(4, 5), ""Native Hawaiian/Pacific islander/Asian American"", 
    newrace2), levels = c(""White"", ""Black"", ""Native American"", 
    ""Native Hawaiian/Pacific islander/Asian American"", ""Mixed Race"", 
    ""Hispanic""))","binomial","opioid_use_treatment ~ race + age + sex + family_income + pop_density + 
    health_insurance + heroin_use_disorder + nicotine_dependence + 
    alcohol_use_disorder + other_drug_use_disorder + major_depression_episode","catag3","""""",TRUE
"22","raceBlack",-0.640110144785641,0.000227752816741439,-0.989840439150336,-0.308190741586343,"filter_missing_mdeyr_1","race_1","family_logistic_1","exclude_year","formulae_logistic_3","age_2","!is.na(mdeyr)","factor(if_else(as.integer(newrace2) %in% c(4, 5), ""Native Hawaiian/Pacific islander/Asian American"", 
    newrace2), levels = c(""White"", ""Black"", ""Native American"", 
    ""Native Hawaiian/Pacific islander/Asian American"", ""Mixed Race"", 
    ""Hispanic""))","binomial","opioid_use_treatment ~ race + age + sex + family_income + pop_density + 
    health_insurance + heroin_use_disorder + nicotine_dependence + 
    alcohol_use_disorder + other_drug_use_disorder + major_depression_episode","catage","""""",TRUE
"23","raceBlack",-0.598940921965123,0.000453379558404059,-0.942827304655548,-0.272386230494567,"filter_missing_mdeyr_1","race_1","family_logistic_1","exclude_year","formulae_logistic_3","age_3","!is.na(mdeyr)","factor(if_else(as.integer(newrace2) %in% c(4, 5), ""Native Hawaiian/Pacific islander/Asian American"", 
    newrace2), levels = c(""White"", ""Black"", ""Native American"", 
    ""Native Hawaiian/Pacific islander/Asian American"", ""Mixed Race"", 
    ""Hispanic""))","binomial","opioid_use_treatment ~ race + age + sex + family_income + pop_density + 
    health_insurance + heroin_use_disorder + nicotine_dependence + 
    alcohol_use_disorder + other_drug_use_disorder + major_depression_episode","catag2","""""",TRUE
"24","raceBlack",-0.646678596173302,0.000216994144894697,-0.998926459860685,-0.312564887561011,"filter_missing_mdeyr_1","race_1","family_logistic_1","exclude_year","formulae_logistic_3","age_4","!is.na(mdeyr)","factor(if_else(as.integer(newrace2) %in% c(4, 5), ""Native Hawaiian/Pacific islander/Asian American"", 
    newrace2), levels = c(""White"", ""Black"", ""Native American"", 
    ""Native Hawaiian/Pacific islander/Asian American"", ""Mixed Race"", 
    ""Hispanic""))","binomial","opioid_use_treatment ~ race + age + sex + family_income + pop_density + 
    health_insurance + heroin_use_disorder + nicotine_dependence + 
    alcohol_use_disorder + other_drug_use_disorder + major_depression_episode","catag6","""""",TRUE
"25","raceBlack",-0.618786888215491,0.000384341031921064,-0.969661925320933,-0.285588542142991,"filter_missing_mdeyr_1","race_1","family_logistic_1","exclude_year","formulae_logistic_3","age_5","!is.na(mdeyr)","factor(if_else(as.integer(newrace2) %in% c(4, 5), ""Native Hawaiian/Pacific islander/Asian American"", 
    newrace2), levels = c(""White"", ""Black"", ""Native American"", 
    ""Native Hawaiian/Pacific islander/Asian American"", ""Mixed Race"", 
    ""Hispanic""))","binomial","opioid_use_treatment ~ race + age + sex + family_income + pop_density + 
    health_insurance + heroin_use_disorder + nicotine_dependence + 
    alcohol_use_disorder + other_drug_use_disorder + major_depression_episode","catag7","""""",TRUE
"26","raceBlack",-0.625687022906444,0.000365607276689326,-0.979253005395604,-0.29009389727284,"filter_missing_mdeyr_1","race_1","family_logistic_1","exclude_year","formulae_logistic_3","age_6","!is.na(mdeyr)","factor(if_else(as.integer(newrace2) %in% c(4, 5), ""Native Hawaiian/Pacific islander/Asian American"", 
    newrace2), levels = c(""White"", ""Black"", ""Native American"", 
    ""Native Hawaiian/Pacific islander/Asian American"", ""Mixed Race"", 
    ""Hispanic""))","binomial","opioid_use_treatment ~ race + age + sex + family_income + pop_density + 
    health_insurance + heroin_use_disorder + nicotine_dependence + 
    alcohol_use_disorder + other_drug_use_disorder + major_depression_episode","age2","""""",TRUE
"27","raceBlack",-0.524118583501153,0.00057390270154182,-0.832660167723694,-0.234882553651327,"filter_missing_mdeyr_1","race_2","family_logistic_1","include_year","formulae_logistic_1","age_1","!is.na(mdeyr)","factor(if_else(as.integer(newrace2) %in% c(3, 4, 5), ""Native American/Native Hawaiian/Pacific islander/Asian American"", 
    newrace2), levels = c(""White"", ""Black"", ""Native American/Native Hawaiian/Pacific islander/Asian American"", 
    ""Mixed Race"", ""Hispanic""))","binomial","opioid_use_treatment ~ race","catag3",""" + year""",TRUE
"28","raceBlack",-0.64335697089344,0.000224892028471736,-0.994688156694059,-0.310166444890576,"filter_missing_mdeyr_1","race_2","family_logistic_1","include_year","formulae_logistic_2","age_1","!is.na(mdeyr)","factor(if_else(as.integer(newrace2) %in% c(3, 4, 5), ""Native American/Native Hawaiian/Pacific islander/Asian American"", 
    newrace2), levels = c(""White"", ""Black"", ""Native American/Native Hawaiian/Pacific islander/Asian American"", 
    ""Mixed Race"", ""Hispanic""))","binomial","opioid_use_treatment ~ race + age + sex + family_income + pop_density + 
    health_insurance + heroin_use_disorder + nicotine_dependence + 
    alcohol_use_disorder + other_drug_use_disorder","catag3",""" + year""",TRUE
"29","raceBlack",-0.637012730296607,0.000240361790385673,-0.986388615172884,-0.30549249200711,"filter_missing_mdeyr_1","race_2","family_logistic_1","include_year","formulae_logistic_2","age_2","!is.na(mdeyr)","factor(if_else(as.integer(newrace2) %in% c(3, 4, 5), ""Native American/Native Hawaiian/Pacific islander/Asian American"", 
    newrace2), levels = c(""White"", ""Black"", ""Native American/Native Hawaiian/Pacific islander/Asian American"", 
    ""Mixed Race"", ""Hispanic""))","binomial","opioid_use_treatment ~ race + age + sex + family_income + pop_density + 
    health_insurance + heroin_use_disorder + nicotine_dependence + 
    alcohol_use_disorder + other_drug_use_disorder","catage",""" + year""",TRUE
"30","raceBlack",-0.58966738369791,0.000540896132349193,-0.932889698972675,-0.263805844804029,"filter_missing_mdeyr_1","race_2","family_logistic_1","include_year","formulae_logistic_2","age_3","!is.na(mdeyr)","factor(if_else(as.integer(newrace2) %in% c(3, 4, 5), ""Native American/Native Hawaiian/Pacific islander/Asian American"", 
    newrace2), levels = c(""White"", ""Black"", ""Native American/Native Hawaiian/Pacific islander/Asian American"", 
    ""Mixed Race"", ""Hispanic""))","binomial","opioid_use_treatment ~ race + age + sex + family_income + pop_density + 
    health_insurance + heroin_use_disorder + nicotine_dependence + 
    alcohol_use_disorder + other_drug_use_disorder","catag2",""" + year""",TRUE
"31","raceBlack",-0.642400728297059,0.000234898836519991,-0.994284047788246,-0.308715118079249,"filter_missing_mdeyr_1","race_2","family_logistic_1","include_year","formulae_logistic_2","age_4","!is.na(mdeyr)","factor(if_else(as.integer(newrace2) %in% c(3, 4, 5), ""Native American/Native Hawaiian/Pacific islander/Asian American"", 
    newrace2), levels = c(""White"", ""Black"", ""Native American/Native Hawaiian/Pacific islander/Asian American"", 
    ""Mixed Race"", ""Hispanic""))","binomial","opioid_use_treatment ~ race + age + sex + family_income + pop_density + 
    health_insurance + heroin_use_disorder + nicotine_dependence + 
    alcohol_use_disorder + other_drug_use_disorder","catag6",""" + year""",TRUE
"32","raceBlack",-0.618792914000636,0.00038160176797857,-0.96950763923446,-0.285785151282582,"filter_missing_mdeyr_1","race_2","family_logistic_1","include_year","formulae_logistic_2","age_5","!is.na(mdeyr)","factor(if_else(as.integer(newrace2) %in% c(3, 4, 5), ""Native American/Native Hawaiian/Pacific islander/Asian American"", 
    newrace2), levels = c(""White"", ""Black"", ""Native American/Native Hawaiian/Pacific islander/Asian American"", 
    ""Mixed Race"", ""Hispanic""))","binomial","opioid_use_treatment ~ race + age + sex + family_income + pop_density + 
    health_insurance + heroin_use_disorder + nicotine_dependence + 
    alcohol_use_disorder + other_drug_use_disorder","catag7",""" + year""",TRUE
"33","raceBlack",-0.625610351147945,0.000362858272962766,-0.978965857522563,-0.290266234019653,"filter_missing_mdeyr_1","race_2","family_logistic_1","include_year","formulae_logistic_2","age_6","!is.na(mdeyr)","factor(if_else(as.integer(newrace2) %in% c(3, 4, 5), ""Native American/Native Hawaiian/Pacific islander/Asian American"", 
    newrace2), levels = c(""White"", ""Black"", ""Native American/Native Hawaiian/Pacific islander/Asian American"", 
    ""Mixed Race"", ""Hispanic""))","binomial","opioid_use_treatment ~ race + age + sex + family_income + pop_density + 
    health_insurance + heroin_use_disorder + nicotine_dependence + 
    alcohol_use_disorder + other_drug_use_disorder","age2",""" + year""",TRUE
"34","raceBlack",-0.623683838687351,0.000353113805040417,-0.975327941408632,-0.290113161666145,"filter_missing_mdeyr_1","race_2","family_logistic_1","include_year","formulae_logistic_3","age_1","!is.na(mdeyr)","factor(if_else(as.integer(newrace2) %in% c(3, 4, 5), ""Native American/Native Hawaiian/Pacific islander/Asian American"", 
    newrace2), levels = c(""White"", ""Black"", ""Native American/Native Hawaiian/Pacific islander/Asian American"", 
    ""Mixed Race"", ""Hispanic""))","binomial","opioid_use_treatment ~ race + age + sex + family_income + pop_density + 
    health_insurance + heroin_use_disorder + nicotine_dependence + 
    alcohol_use_disorder + other_drug_use_disorder + major_depression_episode","catag3",""" + year""",TRUE
"35","raceBlack",-0.617196968349898,0.000378666452317988,-0.966884070891562,-0.285304619267641,"filter_missing_mdeyr_1","race_2","family_logistic_1","include_year","formulae_logistic_3","age_2","!is.na(mdeyr)","factor(if_else(as.integer(newrace2) %in% c(3, 4, 5), ""Native American/Native Hawaiian/Pacific islander/Asian American"", 
    newrace2), levels = c(""White"", ""Black"", ""Native American/Native Hawaiian/Pacific islander/Asian American"", 
    ""Mixed Race"", ""Hispanic""))","binomial","opioid_use_treatment ~ race + age + sex + family_income + pop_density + 
    health_insurance + heroin_use_disorder + nicotine_dependence + 
    alcohol_use_disorder + other_drug_use_disorder + major_depression_episode","catage",""" + year""",TRUE
"36","raceBlack",-0.572698128672323,0.000792727968066166,-0.916369094739521,-0.246336631173288,"filter_missing_mdeyr_1","race_2","family_logistic_1","include_year","formulae_logistic_3","age_3","!is.na(mdeyr)","factor(if_else(as.integer(newrace2) %in% c(3, 4, 5), ""Native American/Native Hawaiian/Pacific islander/Asian American"", 
    newrace2), levels = c(""White"", ""Black"", ""Native American/Native Hawaiian/Pacific islander/Asian American"", 
    ""Mixed Race"", ""Hispanic""))","binomial","opioid_use_treatment ~ race + age + sex + family_income + pop_density + 
    health_insurance + heroin_use_disorder + nicotine_dependence + 
    alcohol_use_disorder + other_drug_use_disorder + major_depression_episode","catag2",""" + year""",TRUE
"37","raceBlack",-0.622821640079122,0.000367190815889598,-0.975004480599707,-0.288765552843975,"filter_missing_mdeyr_1","race_2","family_logistic_1","include_year","formulae_logistic_3","age_4","!is.na(mdeyr)","factor(if_else(as.integer(newrace2) %in% c(3, 4, 5), ""Native American/Native Hawaiian/Pacific islander/Asian American"", 
    newrace2), levels = c(""White"", ""Black"", ""Native American/Native Hawaiian/Pacific islander/Asian American"", 
    ""Mixed Race"", ""Hispanic""))","binomial","opioid_use_treatment ~ race + age + sex + family_income + pop_density + 
    health_insurance + heroin_use_disorder + nicotine_dependence + 
    alcohol_use_disorder + other_drug_use_disorder + major_depression_episode","catag6",""" + year""",TRUE
"38","raceBlack",-0.599769599560855,0.000580476447454158,-0.950728111258116,-0.266466228088386,"filter_missing_mdeyr_1","race_2","family_logistic_1","include_year","formulae_logistic_3","age_5","!is.na(mdeyr)","factor(if_else(as.integer(newrace2) %in% c(3, 4, 5), ""Native American/Native Hawaiian/Pacific islander/Asian American"", 
    newrace2), levels = c(""White"", ""Black"", ""Native American/Native Hawaiian/Pacific islander/Asian American"", 
    ""Mixed Race"", ""Hispanic""))","binomial","opioid_use_treatment ~ race + age + sex + family_income + pop_density + 
    health_insurance + heroin_use_disorder + nicotine_dependence + 
    alcohol_use_disorder + other_drug_use_disorder + major_depression_episode","catag7",""" + year""",TRUE
"39","raceBlack",-0.606804751639856,0.000548578111046354,-0.960402253027441,-0.27116367516051,"filter_missing_mdeyr_1","race_2","family_logistic_1","include_year","formulae_logistic_3","age_6","!is.na(mdeyr)","factor(if_else(as.integer(newrace2) %in% c(3, 4, 5), ""Native American/Native Hawaiian/Pacific islander/Asian American"", 
    newrace2), levels = c(""White"", ""Black"", ""Native American/Native Hawaiian/Pacific islander/Asian American"", 
    ""Mixed Race"", ""Hispanic""))","binomial","opioid_use_treatment ~ race + age + sex + family_income + pop_density + 
    health_insurance + heroin_use_disorder + nicotine_dependence + 
    alcohol_use_disorder + other_drug_use_disorder + major_depression_episode","age2",""" + year""",TRUE
"40","raceBlack",-0.526537987940171,0.000511650424259562,-0.833867389946407,-0.238674594029603,"filter_missing_mdeyr_1","race_2","family_logistic_1","exclude_year","formulae_logistic_1","age_1","!is.na(mdeyr)","factor(if_else(as.integer(newrace2) %in% c(3, 4, 5), ""Native American/Native Hawaiian/Pacific islander/Asian American"", 
    newrace2), levels = c(""White"", ""Black"", ""Native American/Native Hawaiian/Pacific islander/Asian American"", 
    ""Mixed Race"", ""Hispanic""))","binomial","opioid_use_treatment ~ race","catag3","""""",TRUE
"41","raceBlack",-0.668551308904021,0.000128472550205269,-1.02029147203431,-0.334995813761093,"filter_missing_mdeyr_1","race_2","family_logistic_1","exclude_year","formulae_logistic_2","age_1","!is.na(mdeyr)","factor(if_else(as.integer(newrace2) %in% c(3, 4, 5), ""Native American/Native Hawaiian/Pacific islander/Asian American"", 
    newrace2), levels = c(""White"", ""Black"", ""Native American/Native Hawaiian/Pacific islander/Asian American"", 
    ""Mixed Race"", ""Hispanic""))","binomial","opioid_use_treatment ~ race + age + sex + family_income + pop_density + 
    health_insurance + heroin_use_disorder + nicotine_dependence + 
    alcohol_use_disorder + other_drug_use_disorder","catag3","""""",TRUE
"42","raceBlack",-0.660094587162121,0.000143278996260022,-1.00974045671592,-0.328327297084168,"filter_missing_mdeyr_1","race_2","family_logistic_1","exclude_year","formulae_logistic_2","age_2","!is.na(mdeyr)","factor(if_else(as.integer(newrace2) %in% c(3, 4, 5), ""Native American/Native Hawaiian/Pacific islander/Asian American"", 
    newrace2), levels = c(""White"", ""Black"", ""Native American/Native Hawaiian/Pacific islander/Asian American"", 
    ""Mixed Race"", ""Hispanic""))","binomial","opioid_use_treatment ~ race + age + sex + family_income + pop_density + 
    health_insurance + heroin_use_disorder + nicotine_dependence + 
    alcohol_use_disorder + other_drug_use_disorder","catage","""""",TRUE
"43","raceBlack",-0.615884848767972,0.000307501675866954,-0.959540229069451,-0.289620921782341,"filter_missing_mdeyr_1","race_2","family_logistic_1","exclude_year","formulae_logistic_2","age_3","!is.na(mdeyr)","factor(if_else(as.integer(newrace2) %in% c(3, 4, 5), ""Native American/Native Hawaiian/Pacific islander/Asian American"", 
    newrace2), levels = c(""White"", ""Black"", ""Native American/Native Hawaiian/Pacific islander/Asian American"", 
    ""Mixed Race"", ""Hispanic""))","binomial","opioid_use_treatment ~ race + age + sex + family_income + pop_density + 
    health_insurance + heroin_use_disorder + nicotine_dependence + 
    alcohol_use_disorder + other_drug_use_disorder","catag2","""""",TRUE
"44","raceBlack",-0.666697294733887,0.000136740540363715,-1.0188817748546,-0.332728227922119,"filter_missing_mdeyr_1","race_2","family_logistic_1","exclude_year","formulae_logistic_2","age_4","!is.na(mdeyr)","factor(if_else(as.integer(newrace2) %in% c(3, 4, 5), ""Native American/Native Hawaiian/Pacific islander/Asian American"", 
    newrace2), levels = c(""White"", ""Black"", ""Native American/Native Hawaiian/Pacific islander/Asian American"", 
    ""Mixed Race"", ""Hispanic""))","binomial","opioid_use_treatment ~ race + age + sex + family_income + pop_density + 
    health_insurance + heroin_use_disorder + nicotine_dependence + 
    alcohol_use_disorder + other_drug_use_disorder","catag6","""""",TRUE
"45","raceBlack",-0.638075724556806,0.000250502429736818,-0.988935204898467,-0.304951795297484,"filter_missing_mdeyr_1","race_2","family_logistic_1","exclude_year","formulae_logistic_2","age_5","!is.na(mdeyr)","factor(if_else(as.integer(newrace2) %in% c(3, 4, 5), ""Native American/Native Hawaiian/Pacific islander/Asian American"", 
    newrace2), levels = c(""White"", ""Black"", ""Native American/Native Hawaiian/Pacific islander/Asian American"", 
    ""Mixed Race"", ""Hispanic""))","binomial","opioid_use_treatment ~ race + age + sex + family_income + pop_density + 
    health_insurance + heroin_use_disorder + nicotine_dependence + 
    alcohol_use_disorder + other_drug_use_disorder","catag7","""""",TRUE
"46","raceBlack",-0.645004527723149,0.000238634764584409,-0.998565290251243,-0.309482883105045,"filter_missing_mdeyr_1","race_2","family_logistic_1","exclude_year","formulae_logistic_2","age_6","!is.na(mdeyr)","factor(if_else(as.integer(newrace2) %in% c(3, 4, 5), ""Native American/Native Hawaiian/Pacific islander/Asian American"", 
    newrace2), levels = c(""White"", ""Black"", ""Native American/Native Hawaiian/Pacific islander/Asian American"", 
    ""Mixed Race"", ""Hispanic""))","binomial","opioid_use_treatment ~ race + age + sex + family_income + pop_density + 
    health_insurance + heroin_use_disorder + nicotine_dependence + 
    alcohol_use_disorder + other_drug_use_disorder","age2","""""",TRUE
"47","raceBlack",-0.649509330791816,0.00020106650880296,-1.00145605889815,-0.315674296533911,"filter_missing_mdeyr_1","race_2","family_logistic_1","exclude_year","formulae_logistic_3","age_1","!is.na(mdeyr)","factor(if_else(as.integer(newrace2) %in% c(3, 4, 5), ""Native American/Native Hawaiian/Pacific islander/Asian American"", 
    newrace2), levels = c(""White"", ""Black"", ""Native American/Native Hawaiian/Pacific islander/Asian American"", 
    ""Mixed Race"", ""Hispanic""))","binomial","opioid_use_treatment ~ race + age + sex + family_income + pop_density + 
    health_insurance + heroin_use_disorder + nicotine_dependence + 
    alcohol_use_disorder + other_drug_use_disorder + major_depression_episode","catag3","""""",TRUE
"48","raceBlack",-0.640930226094465,0.000224670276266682,-0.990776245524642,-0.308895860094712,"filter_missing_mdeyr_1","race_2","family_logistic_1","exclude_year","formulae_logistic_3","age_2","!is.na(mdeyr)","factor(if_else(as.integer(newrace2) %in% c(3, 4, 5), ""Native American/Native Hawaiian/Pacific islander/Asian American"", 
    newrace2), levels = c(""White"", ""Black"", ""Native American/Native Hawaiian/Pacific islander/Asian American"", 
    ""Mixed Race"", ""Hispanic""))","binomial","opioid_use_treatment ~ race + age + sex + family_income + pop_density + 
    health_insurance + heroin_use_disorder + nicotine_dependence + 
    alcohol_use_disorder + other_drug_use_disorder + major_depression_episode","catage","""""",TRUE
"49","raceBlack",-0.599663155433001,0.000448130868356649,-0.943656805155767,-0.273000626224596,"filter_missing_mdeyr_1","race_2","family_logistic_1","exclude_year","formulae_logistic_3","age_3","!is.na(mdeyr)","factor(if_else(as.integer(newrace2) %in% c(3, 4, 5), ""Native American/Native Hawaiian/Pacific islander/Asian American"", 
    newrace2), levels = c(""White"", ""Black"", ""Native American/Native Hawaiian/Pacific islander/Asian American"", 
    ""Mixed Race"", ""Hispanic""))","binomial","opioid_use_treatment ~ race + age + sex + family_income + pop_density + 
    health_insurance + heroin_use_disorder + nicotine_dependence + 
    alcohol_use_disorder + other_drug_use_disorder + major_depression_episode","catag2","""""",TRUE
"50","raceBlack",-0.647725695010939,0.000213231933806849,-1.00011976639132,-0.313471658824194,"filter_missing_mdeyr_1","race_2","family_logistic_1","exclude_year","formulae_logistic_3","age_4","!is.na(mdeyr)","factor(if_else(as.integer(newrace2) %in% c(3, 4, 5), ""Native American/Native Hawaiian/Pacific islander/Asian American"", 
    newrace2), levels = c(""White"", ""Black"", ""Native American/Native Hawaiian/Pacific islander/Asian American"", 
    ""Mixed Race"", ""Hispanic""))","binomial","opioid_use_treatment ~ race + age + sex + family_income + pop_density + 
    health_insurance + heroin_use_disorder + nicotine_dependence + 
    alcohol_use_disorder + other_drug_use_disorder + major_depression_episode","catag6","""""",TRUE
"51","raceBlack",-0.619702386054138,0.000378515100103235,-0.970696167118204,-0.286386189647623,"filter_missing_mdeyr_1","race_2","family_logistic_1","exclude_year","formulae_logistic_3","age_5","!is.na(mdeyr)","factor(if_else(as.integer(newrace2) %in% c(3, 4, 5), ""Native American/Native Hawaiian/Pacific islander/Asian American"", 
    newrace2), levels = c(""White"", ""Black"", ""Native American/Native Hawaiian/Pacific islander/Asian American"", 
    ""Mixed Race"", ""Hispanic""))","binomial","opioid_use_treatment ~ race + age + sex + family_income + pop_density + 
    health_insurance + heroin_use_disorder + nicotine_dependence + 
    alcohol_use_disorder + other_drug_use_disorder + major_depression_episode","catag7","""""",TRUE
"52","raceBlack",-0.626838425600231,0.000358731993715976,-0.980559651189206,-0.291096272891866,"filter_missing_mdeyr_1","race_2","family_logistic_1","exclude_year","formulae_logistic_3","age_6","!is.na(mdeyr)","factor(if_else(as.integer(newrace2) %in% c(3, 4, 5), ""Native American/Native Hawaiian/Pacific islander/Asian American"", 
    newrace2), levels = c(""White"", ""Black"", ""Native American/Native Hawaiian/Pacific islander/Asian American"", 
    ""Mixed Race"", ""Hispanic""))","binomial","opioid_use_treatment ~ race + age + sex + family_income + pop_density + 
    health_insurance + heroin_use_disorder + nicotine_dependence + 
    alcohol_use_disorder + other_drug_use_disorder + major_depression_episode","age2","""""",TRUE
"53","raceBlack",-0.523652582623831,0.000579036952764068,-0.832140128413295,-0.234475714778666,"filter_missing_mdeyr_1","race_3","family_logistic_1","include_year","formulae_logistic_1","age_1","!is.na(mdeyr)","factor(if_else(as.integer(newrace2) %in% c(3, 4, 5, 6), ""Others"", 
    newrace2), levels = c(""White"", ""Black"", ""Hispanic"", ""Others""))","binomial","opioid_use_treatment ~ race","catag3",""" + year""",TRUE
"54","raceBlack",-0.634048949962503,0.000272434598036228,-0.984967154818001,-0.301255220102466,"filter_missing_mdeyr_1","race_3","family_logistic_1","include_year","formulae_logistic_2","age_1","!is.na(mdeyr)","factor(if_else(as.integer(newrace2) %in% c(3, 4, 5, 6), ""Others"", 
    newrace2), levels = c(""White"", ""Black"", ""Hispanic"", ""Others""))","binomial","opioid_use_treatment ~ race + age + sex + family_income + pop_density + 
    health_insurance + heroin_use_disorder + nicotine_dependence + 
    alcohol_use_disorder + other_drug_use_disorder","catag3",""" + year""",TRUE
"55","raceBlack",-0.629246331749244,0.000282166571090574,-0.978284554901488,-0.298065678744379,"filter_missing_mdeyr_1","race_3","family_logistic_1","include_year","formulae_logistic_2","age_2","!is.na(mdeyr)","factor(if_else(as.integer(newrace2) %in% c(3, 4, 5, 6), ""Others"", 
    newrace2), levels = c(""White"", ""Black"", ""Hispanic"", ""Others""))","binomial","opioid_use_treatment ~ race + age + sex + family_income + pop_density + 
    health_insurance + heroin_use_disorder + nicotine_dependence + 
    alcohol_use_disorder + other_drug_use_disorder","catage",""" + year""",TRUE
"56","raceBlack",-0.578123879201994,0.000683010741365806,-0.92091936113508,-0.252701091233842,"filter_missing_mdeyr_1","race_3","family_logistic_1","include_year","formulae_logistic_2","age_3","!is.na(mdeyr)","factor(if_else(as.integer(newrace2) %in% c(3, 4, 5, 6), ""Others"", 
    newrace2), levels = c(""White"", ""Black"", ""Hispanic"", ""Others""))","binomial","opioid_use_treatment ~ race + age + sex + family_income + pop_density + 
    health_insurance + heroin_use_disorder + nicotine_dependence + 
    alcohol_use_disorder + other_drug_use_disorder","catag2",""" + year""",TRUE
"57","raceBlack",-0.632440575683903,0.00028756355979223,-0.983825771598495,-0.299223535077816,"filter_missing_mdeyr_1","race_3","family_logistic_1","include_year","formulae_logistic_2","age_4","!is.na(mdeyr)","factor(if_else(as.integer(newrace2) %in% c(3, 4, 5, 6), ""Others"", 
    newrace2), levels = c(""White"", ""Black"", ""Hispanic"", ""Others""))","binomial","opioid_use_treatment ~ race + age + sex + family_income + pop_density + 
    health_insurance + heroin_use_disorder + nicotine_dependence + 
    alcohol_use_disorder + other_drug_use_disorder","catag6",""" + year""",TRUE
"58","raceBlack",-0.609685489762294,0.000461673124037401,-0.960212904973021,-0.276855462944942,"filter_missing_mdeyr_1","race_3","family_logistic_1","include_year","formulae_logistic_2","age_5","!is.na(mdeyr)","factor(if_else(as.integer(newrace2) %in% c(3, 4, 5, 6), ""Others"", 
    newrace2), levels = c(""White"", ""Black"", ""Hispanic"", ""Others""))","binomial","opioid_use_treatment ~ race + age + sex + family_income + pop_density + 
    health_insurance + heroin_use_disorder + nicotine_dependence + 
    alcohol_use_disorder + other_drug_use_disorder","catag7",""" + year""",TRUE
"59","raceBlack",-0.614434189264837,0.000456027306964308,-0.967444761924567,-0.279400442300044,"filter_missing_mdeyr_1","race_3","family_logistic_1","include_year","formulae_logistic_2","age_6","!is.na(mdeyr)","factor(if_else(as.integer(newrace2) %in% c(3, 4, 5, 6), ""Others"", 
    newrace2), levels = c(""White"", ""Black"", ""Hispanic"", ""Others""))","binomial","opioid_use_treatment ~ race + age + sex + family_income + pop_density + 
    health_insurance + heroin_use_disorder + nicotine_dependence + 
    alcohol_use_disorder + other_drug_use_disorder","age2",""" + year""",TRUE
"60","raceBlack",-0.614469334537088,0.000423834990173669,-0.965650291910738,-0.281354597376746,"filter_missing_mdeyr_1","race_3","family_logistic_1","include_year","formulae_logistic_3","age_1","!is.na(mdeyr)","factor(if_else(as.integer(newrace2) %in% c(3, 4, 5, 6), ""Others"", 
    newrace2), levels = c(""White"", ""Black"", ""Hispanic"", ""Others""))","binomial","opioid_use_treatment ~ race + age + sex + family_income + pop_density + 
    health_insurance + heroin_use_disorder + nicotine_dependence + 
    alcohol_use_disorder + other_drug_use_disorder + major_depression_episode","catag3",""" + year""",TRUE
"61","raceBlack",-0.609555085377758,0.000440505813511732,-0.958855556451162,-0.27806036438589,"filter_missing_mdeyr_1","race_3","family_logistic_1","include_year","formulae_logistic_3","age_2","!is.na(mdeyr)","factor(if_else(as.integer(newrace2) %in% c(3, 4, 5, 6), ""Others"", 
    newrace2), levels = c(""White"", ""Black"", ""Hispanic"", ""Others""))","binomial","opioid_use_treatment ~ race + age + sex + family_income + pop_density + 
    health_insurance + heroin_use_disorder + nicotine_dependence + 
    alcohol_use_disorder + other_drug_use_disorder + major_depression_episode","catage",""" + year""",TRUE
"62","raceBlack",-0.561067701682255,0.000994981933966089,-0.904264748071999,-0.235200663604898,"filter_missing_mdeyr_1","race_3","family_logistic_1","include_year","formulae_logistic_3","age_3","!is.na(mdeyr)","factor(if_else(as.integer(newrace2) %in% c(3, 4, 5, 6), ""Others"", 
    newrace2), levels = c(""White"", ""Black"", ""Hispanic"", ""Others""))","binomial","opioid_use_treatment ~ race + age + sex + family_income + pop_density + 
    health_insurance + heroin_use_disorder + nicotine_dependence + 
    alcohol_use_disorder + other_drug_use_disorder + major_depression_episode","catag2",""" + year""",TRUE
"63","raceBlack",-0.612948442896631,0.000445423263693463,-0.964585574848743,-0.279417926978318,"filter_missing_mdeyr_1","race_3","family_logistic_1","include_year","formulae_logistic_3","age_4","!is.na(mdeyr)","factor(if_else(as.integer(newrace2) %in% c(3, 4, 5, 6), ""Others"", 
    newrace2), levels = c(""White"", ""Black"", ""Hispanic"", ""Others""))","binomial","opioid_use_treatment ~ race + age + sex + family_income + pop_density + 
    health_insurance + heroin_use_disorder + nicotine_dependence + 
    alcohol_use_disorder + other_drug_use_disorder + major_depression_episode","catag6",""" + year""",TRUE
"64","raceBlack",-0.591132997726992,0.00069055526374979,-0.941860978301875,-0.25805930032413,"filter_missing_mdeyr_1","race_3","family_logistic_1","include_year","formulae_logistic_3","age_5","!is.na(mdeyr)","factor(if_else(as.integer(newrace2) %in% c(3, 4, 5, 6), ""Others"", 
    newrace2), levels = c(""White"", ""Black"", ""Hispanic"", ""Others""))","binomial","opioid_use_treatment ~ race + age + sex + family_income + pop_density + 
    health_insurance + heroin_use_disorder + nicotine_dependence + 
    alcohol_use_disorder + other_drug_use_disorder + major_depression_episode","catag7",""" + year""",TRUE
"65","raceBlack",-0.595991376705445,0.000679103790117195,-0.949206597789906,-0.260706150823429,"filter_missing_mdeyr_1","race_3","family_logistic_1","include_year","formulae_logistic_3","age_6","!is.na(mdeyr)","factor(if_else(as.integer(newrace2) %in% c(3, 4, 5, 6), ""Others"", 
    newrace2), levels = c(""White"", ""Black"", ""Hispanic"", ""Others""))","binomial","opioid_use_treatment ~ race + age + sex + family_income + pop_density + 
    health_insurance + heroin_use_disorder + nicotine_dependence + 
    alcohol_use_disorder + other_drug_use_disorder + major_depression_episode","age2",""" + year""",TRUE
"66","raceBlack",-0.526537987940181,0.000511650424259519,-0.833867389949629,-0.238674594032878,"filter_missing_mdeyr_1","race_3","family_logistic_1","exclude_year","formulae_logistic_1","age_1","!is.na(mdeyr)","factor(if_else(as.integer(newrace2) %in% c(3, 4, 5, 6), ""Others"", 
    newrace2), levels = c(""White"", ""Black"", ""Hispanic"", ""Others""))","binomial","opioid_use_treatment ~ race","catag3","""""",TRUE
"67","raceBlack",-0.658680033219316,0.000158461414412322,-1.00997607434111,-0.325517273702453,"filter_missing_mdeyr_1","race_3","family_logistic_1","exclude_year","formulae_logistic_2","age_1","!is.na(mdeyr)","factor(if_else(as.integer(newrace2) %in% c(3, 4, 5, 6), ""Others"", 
    newrace2), levels = c(""White"", ""Black"", ""Hispanic"", ""Others""))","binomial","opioid_use_treatment ~ race + age + sex + family_income + pop_density + 
    health_insurance + heroin_use_disorder + nicotine_dependence + 
    alcohol_use_disorder + other_drug_use_disorder","catag3","""""",TRUE
"68","raceBlack",-0.652222375021063,0.000169537356461096,-1.00153875962032,-0.320756003064023,"filter_missing_mdeyr_1","race_3","family_logistic_1","exclude_year","formulae_logistic_2","age_2","!is.na(mdeyr)","factor(if_else(as.integer(newrace2) %in% c(3, 4, 5, 6), ""Others"", 
    newrace2), levels = c(""White"", ""Black"", ""Hispanic"", ""Others""))","binomial","opioid_use_treatment ~ race + age + sex + family_income + pop_density + 
    health_insurance + heroin_use_disorder + nicotine_dependence + 
    alcohol_use_disorder + other_drug_use_disorder","catage","""""",TRUE
"69","raceBlack",-0.60368332733561,0.000397161587467832,-0.946899823806278,-0.27784339807942,"filter_missing_mdeyr_1","race_3","family_logistic_1","exclude_year","formulae_logistic_2","age_3","!is.na(mdeyr)","factor(if_else(as.integer(newrace2) %in% c(3, 4, 5, 6), ""Others"", 
    newrace2), levels = c(""White"", ""Black"", ""Hispanic"", ""Others""))","binomial","opioid_use_treatment ~ race + age + sex + family_income + pop_density + 
    health_insurance + heroin_use_disorder + nicotine_dependence + 
    alcohol_use_disorder + other_drug_use_disorder","catag2","""""",TRUE
"70","raceBlack",-0.656245713213981,0.000170284337928353,-1.00791843244089,-0.322727795735965,"filter_missing_mdeyr_1","race_3","family_logistic_1","exclude_year","formulae_logistic_2","age_4","!is.na(mdeyr)","factor(if_else(as.integer(newrace2) %in% c(3, 4, 5, 6), ""Others"", 
    newrace2), levels = c(""White"", ""Black"", ""Hispanic"", ""Others""))","binomial","opioid_use_treatment ~ race + age + sex + family_income + pop_density + 
    health_insurance + heroin_use_disorder + nicotine_dependence + 
    alcohol_use_disorder + other_drug_use_disorder","catag6","""""",TRUE
"71","raceBlack",-0.628885583468789,0.000305294961959111,-0.979556920918533,-0.295910219146489,"filter_missing_mdeyr_1","race_3","family_logistic_1","exclude_year","formulae_logistic_2","age_5","!is.na(mdeyr)","factor(if_else(as.integer(newrace2) %in% c(3, 4, 5, 6), ""Others"", 
    newrace2), levels = c(""White"", ""Black"", ""Hispanic"", ""Others""))","binomial","opioid_use_treatment ~ race + age + sex + family_income + pop_density + 
    health_insurance + heroin_use_disorder + nicotine_dependence + 
    alcohol_use_disorder + other_drug_use_disorder","catag7","""""",TRUE
"72","raceBlack",-0.633154105474054,0.000306102644573407,-0.986353714352191,-0.297929574186546,"filter_missing_mdeyr_1","race_3","family_logistic_1","exclude_year","formulae_logistic_2","age_6","!is.na(mdeyr)","factor(if_else(as.integer(newrace2) %in% c(3, 4, 5, 6), ""Others"", 
    newrace2), levels = c(""White"", ""Black"", ""Hispanic"", ""Others""))","binomial","opioid_use_treatment ~ race + age + sex + family_income + pop_density + 
    health_insurance + heroin_use_disorder + nicotine_dependence + 
    alcohol_use_disorder + other_drug_use_disorder","age2","""""",TRUE
"73","raceBlack",-0.63941335069243,0.000247514031702137,-0.990874179917193,-0.306019323035863,"filter_missing_mdeyr_1","race_3","family_logistic_1","exclude_year","formulae_logistic_3","age_1","!is.na(mdeyr)","factor(if_else(as.integer(newrace2) %in% c(3, 4, 5, 6), ""Others"", 
    newrace2), levels = c(""White"", ""Black"", ""Hispanic"", ""Others""))","binomial","opioid_use_treatment ~ race + age + sex + family_income + pop_density + 
    health_insurance + heroin_use_disorder + nicotine_dependence + 
    alcohol_use_disorder + other_drug_use_disorder + major_depression_episode","catag3","""""",TRUE
"74","raceBlack",-0.632871900163064,0.000265351211021113,-0.982347604944838,-0.30118613002248,"filter_missing_mdeyr_1","race_3","family_logistic_1","exclude_year","formulae_logistic_3","age_2","!is.na(mdeyr)","factor(if_else(as.integer(newrace2) %in% c(3, 4, 5, 6), ""Others"", 
    newrace2), levels = c(""White"", ""Black"", ""Hispanic"", ""Others""))","binomial","opioid_use_treatment ~ race + age + sex + family_income + pop_density + 
    health_insurance + heroin_use_disorder + nicotine_dependence + 
    alcohol_use_disorder + other_drug_use_disorder + major_depression_episode","catage","""""",TRUE
"75","raceBlack",-0.587097106353758,0.000578888976370625,-0.930610352834304,-0.260905901641302,"filter_missing_mdeyr_1","race_3","family_logistic_1","exclude_year","formulae_logistic_3","age_3","!is.na(mdeyr)","factor(if_else(as.integer(newrace2) %in% c(3, 4, 5, 6), ""Others"", 
    newrace2), levels = c(""White"", ""Black"", ""Hispanic"", ""Others""))","binomial","opioid_use_treatment ~ race + age + sex + family_income + pop_density + 
    health_insurance + heroin_use_disorder + nicotine_dependence + 
    alcohol_use_disorder + other_drug_use_disorder + major_depression_episode","catag2","""""",TRUE
"76","raceBlack",-0.637047184603674,0.000264991092953859,-0.988888637696027,-0.303291810044362,"filter_missing_mdeyr_1","race_3","family_logistic_1","exclude_year","formulae_logistic_3","age_4","!is.na(mdeyr)","factor(if_else(as.integer(newrace2) %in% c(3, 4, 5, 6), ""Others"", 
    newrace2), levels = c(""White"", ""Black"", ""Hispanic"", ""Others""))","binomial","opioid_use_treatment ~ race + age + sex + family_income + pop_density + 
    health_insurance + heroin_use_disorder + nicotine_dependence + 
    alcohol_use_disorder + other_drug_use_disorder + major_depression_episode","catag6","""""",TRUE
"77","raceBlack",-0.610695687218392,0.000456469399198333,-0.961464653510795,-0.277571312423346,"filter_missing_mdeyr_1","race_3","family_logistic_1","exclude_year","formulae_logistic_3","age_5","!is.na(mdeyr)","factor(if_else(as.integer(newrace2) %in% c(3, 4, 5, 6), ""Others"", 
    newrace2), levels = c(""White"", ""Black"", ""Hispanic"", ""Others""))","binomial","opioid_use_treatment ~ race + age + sex + family_income + pop_density + 
    health_insurance + heroin_use_disorder + nicotine_dependence + 
    alcohol_use_disorder + other_drug_use_disorder + major_depression_episode","catag7","""""",TRUE
"78","raceBlack",-0.615042390895631,0.000456165923026251,-0.968368723319355,-0.279637021801204,"filter_missing_mdeyr_1","race_3","family_logistic_1","exclude_year","formulae_logistic_3","age_6","!is.na(mdeyr)","factor(if_else(as.integer(newrace2) %in% c(3, 4, 5, 6), ""Others"", 
    newrace2), levels = c(""White"", ""Black"", ""Hispanic"", ""Others""))","binomial","opioid_use_treatment ~ race + age + sex + family_income + pop_density + 
    health_insurance + heroin_use_disorder + nicotine_dependence + 
    alcohol_use_disorder + other_drug_use_disorder + major_depression_episode","age2","""""",TRUE
"79","raceBlack",-0.556345543214988,0.000220958105099486,-0.861614969135318,-0.270079593398228,"filter_missing_mdeyr_2","race_1","family_logistic_1","include_year","formulae_logistic_1","age_1","TRUE","factor(if_else(as.integer(newrace2) %in% c(4, 5), ""Native Hawaiian/Pacific islander/Asian American"", 
    newrace2), levels = c(""White"", ""Black"", ""Native American"", 
    ""Native Hawaiian/Pacific islander/Asian American"", ""Mixed Race"", 
    ""Hispanic""))","binomial","opioid_use_treatment ~ race","catag3",""" + year""",TRUE
"80","raceBlack",-0.655282126903481,0.000140773231700147,-1.00196522339173,-0.326292630664913,"filter_missing_mdeyr_2","race_1","family_logistic_1","include_year","formulae_logistic_2","age_1","TRUE","factor(if_else(as.integer(newrace2) %in% c(4, 5), ""Native Hawaiian/Pacific islander/Asian American"", 
    newrace2), levels = c(""White"", ""Black"", ""Native American"", 
    ""Native Hawaiian/Pacific islander/Asian American"", ""Mixed Race"", 
    ""Hispanic""))","binomial","opioid_use_treatment ~ race + age + sex + family_income + pop_density + 
    health_insurance + heroin_use_disorder + nicotine_dependence + 
    alcohol_use_disorder + other_drug_use_disorder","catag3",""" + year""",TRUE
"81","raceBlack",-0.651521035126151,0.000142894222533611,-0.996471263284781,-0.324027536186163,"filter_missing_mdeyr_2","race_1","family_logistic_1","include_year","formulae_logistic_2","age_2","TRUE","factor(if_else(as.integer(newrace2) %in% c(4, 5), ""Native Hawaiian/Pacific islander/Asian American"", 
    newrace2), levels = c(""White"", ""Black"", ""Native American"", 
    ""Native Hawaiian/Pacific islander/Asian American"", ""Mixed Race"", 
    ""Hispanic""))","binomial","opioid_use_treatment ~ race + age + sex + family_income + pop_density + 
    health_insurance + heroin_use_disorder + nicotine_dependence + 
    alcohol_use_disorder + other_drug_use_disorder","catage",""" + year""",TRUE
"82","raceBlack",-0.607660498975935,0.000309568108779929,-0.946809741828785,-0.285519954002129,"filter_missing_mdeyr_2","race_1","family_logistic_1","include_year","formulae_logistic_2","age_3","TRUE","factor(if_else(as.integer(newrace2) %in% c(4, 5), ""Native Hawaiian/Pacific islander/Asian American"", 
    newrace2), levels = c(""White"", ""Black"", ""Native American"", 
    ""Native Hawaiian/Pacific islander/Asian American"", ""Mixed Race"", 
    ""Hispanic""))","binomial","opioid_use_treatment ~ race + age + sex + family_income + pop_density + 
    health_insurance + heroin_use_disorder + nicotine_dependence + 
    alcohol_use_disorder + other_drug_use_disorder","catag2",""" + year""",TRUE
"83","raceBlack",-0.654277226180448,0.000147069462278304,-1.00142996857467,-0.324864124000621,"filter_missing_mdeyr_2","race_1","family_logistic_1","include_year","formulae_logistic_2","age_4","TRUE","factor(if_else(as.integer(newrace2) %in% c(4, 5), ""Native Hawaiian/Pacific islander/Asian American"", 
    newrace2), levels = c(""White"", ""Black"", ""Native American"", 
    ""Native Hawaiian/Pacific islander/Asian American"", ""Mixed Race"", 
    ""Hispanic""))","binomial","opioid_use_treatment ~ race + age + sex + family_income + pop_density + 
    health_insurance + heroin_use_disorder + nicotine_dependence + 
    alcohol_use_disorder + other_drug_use_disorder","catag6",""" + year""",TRUE
"84","raceBlack",-0.629664994012367,0.000250041646614052,-0.975778864122885,-0.300878594123213,"filter_missing_mdeyr_2","race_1","family_logistic_1","include_year","formulae_logistic_2","age_5","TRUE","factor(if_else(as.integer(newrace2) %in% c(4, 5), ""Native Hawaiian/Pacific islander/Asian American"", 
    newrace2), levels = c(""White"", ""Black"", ""Native American"", 
    ""Native Hawaiian/Pacific islander/Asian American"", ""Mixed Race"", 
    ""Hispanic""))","binomial","opioid_use_treatment ~ race + age + sex + family_income + pop_density + 
    health_insurance + heroin_use_disorder + nicotine_dependence + 
    alcohol_use_disorder + other_drug_use_disorder","catag7",""" + year""",TRUE
"85","raceBlack",-0.634009180796833,0.000249703435238135,-0.982553718370729,-0.303055028669524,"filter_missing_mdeyr_2","race_1","family_logistic_1","include_year","formulae_logistic_2","age_6","TRUE","factor(if_else(as.integer(newrace2) %in% c(4, 5), ""Native Hawaiian/Pacific islander/Asian American"", 
    newrace2), levels = c(""White"", ""Black"", ""Native American"", 
    ""Native Hawaiian/Pacific islander/Asian American"", ""Mixed Race"", 
    ""Hispanic""))","binomial","opioid_use_treatment ~ race + age + sex + family_income + pop_density + 
    health_insurance + heroin_use_disorder + nicotine_dependence + 
    alcohol_use_disorder + other_drug_use_disorder","age2",""" + year""",TRUE
"86","raceBlack",-0.556415708426672,0.000207066172437836,-0.860490521096711,-0.271498436230296,"filter_missing_mdeyr_2","race_1","family_logistic_1","exclude_year","formulae_logistic_1","age_1","TRUE","factor(if_else(as.integer(newrace2) %in% c(4, 5), ""Native Hawaiian/Pacific islander/Asian American"", 
    newrace2), levels = c(""White"", ""Black"", ""Native American"", 
    ""Native Hawaiian/Pacific islander/Asian American"", ""Mixed Race"", 
    ""Hispanic""))","binomial","opioid_use_treatment ~ race","catag3","""""",TRUE
"87","raceBlack",-0.678497802568001,8.20760451712354e-05,-1.02549901504512,-0.3492483323537,"filter_missing_mdeyr_2","race_1","family_logistic_1","exclude_year","formulae_logistic_2","age_1","TRUE","factor(if_else(as.integer(newrace2) %in% c(4, 5), ""Native Hawaiian/Pacific islander/Asian American"", 
    newrace2), levels = c(""White"", ""Black"", ""Native American"", 
    ""Native Hawaiian/Pacific islander/Asian American"", ""Mixed Race"", 
    ""Hispanic""))","binomial","opioid_use_treatment ~ race + age + sex + family_income + pop_density + 
    health_insurance + heroin_use_disorder + nicotine_dependence + 
    alcohol_use_disorder + other_drug_use_disorder","catag3","""""",TRUE
"88","raceBlack",-0.672496302569031,8.72393986981453e-05,-1.01762858130509,-0.344858797890262,"filter_missing_mdeyr_2","race_1","family_logistic_1","exclude_year","formulae_logistic_2","age_2","TRUE","factor(if_else(as.integer(newrace2) %in% c(4, 5), ""Native Hawaiian/Pacific islander/Asian American"", 
    newrace2), levels = c(""White"", ""Black"", ""Native American"", 
    ""Native Hawaiian/Pacific islander/Asian American"", ""Mixed Race"", 
    ""Hispanic""))","binomial","opioid_use_treatment ~ race + age + sex + family_income + pop_density + 
    health_insurance + heroin_use_disorder + nicotine_dependence + 
    alcohol_use_disorder + other_drug_use_disorder","catage","""""",TRUE
"89","raceBlack",-0.631535334651096,0.000180092682951069,-0.971006125577816,-0.30911428152119,"filter_missing_mdeyr_2","race_1","family_logistic_1","exclude_year","formulae_logistic_2","age_3","TRUE","factor(if_else(as.integer(newrace2) %in% c(4, 5), ""Native Hawaiian/Pacific islander/Asian American"", 
    newrace2), levels = c(""White"", ""Black"", ""Native American"", 
    ""Native Hawaiian/Pacific islander/Asian American"", ""Mixed Race"", 
    ""Hispanic""))","binomial","opioid_use_treatment ~ race + age + sex + family_income + pop_density + 
    health_insurance + heroin_use_disorder + nicotine_dependence + 
    alcohol_use_disorder + other_drug_use_disorder","catag2","""""",TRUE
"90","raceBlack",-0.676599456216283,8.74113541650124e-05,-1.02396826953859,-0.347004520158871,"filter_missing_mdeyr_2","race_1","family_logistic_1","exclude_year","formulae_logistic_2","age_4","TRUE","factor(if_else(as.integer(newrace2) %in% c(4, 5), ""Native Hawaiian/Pacific islander/Asian American"", 
    newrace2), levels = c(""White"", ""Black"", ""Native American"", 
    ""Native Hawaiian/Pacific islander/Asian American"", ""Mixed Race"", 
    ""Hispanic""))","binomial","opioid_use_treatment ~ race + age + sex + family_income + pop_density + 
    health_insurance + heroin_use_disorder + nicotine_dependence + 
    alcohol_use_disorder + other_drug_use_disorder","catag6","""""",TRUE
"91","raceBlack",-0.647639925899931,0.000165818549362495,-0.993831142843601,-0.318821803525029,"filter_missing_mdeyr_2","race_1","family_logistic_1","exclude_year","formulae_logistic_2","age_5","TRUE","factor(if_else(as.integer(newrace2) %in% c(4, 5), ""Native Hawaiian/Pacific islander/Asian American"", 
    newrace2), levels = c(""White"", ""Black"", ""Native American"", 
    ""Native Hawaiian/Pacific islander/Asian American"", ""Mixed Race"", 
    ""Hispanic""))","binomial","opioid_use_treatment ~ race + age + sex + family_income + pop_density + 
    health_insurance + heroin_use_disorder + nicotine_dependence + 
    alcohol_use_disorder + other_drug_use_disorder","catag7","""""",TRUE
"92","raceBlack",-0.652373083274567,0.000165051771229706,-1.00106023047285,-0.321321577843695,"filter_missing_mdeyr_2","race_1","family_logistic_1","exclude_year","formulae_logistic_2","age_6","TRUE","factor(if_else(as.integer(newrace2) %in% c(4, 5), ""Native Hawaiian/Pacific islander/Asian American"", 
    newrace2), levels = c(""White"", ""Black"", ""Native American"", 
    ""Native Hawaiian/Pacific islander/Asian American"", ""Mixed Race"", 
    ""Hispanic""))","binomial","opioid_use_treatment ~ race + age + sex + family_income + pop_density + 
    health_insurance + heroin_use_disorder + nicotine_dependence + 
    alcohol_use_disorder + other_drug_use_disorder","age2","""""",TRUE
"93","raceBlack",-0.5563487294259,0.000220879443750657,-0.861619445540773,-0.270081269514649,"filter_missing_mdeyr_2","race_2","family_logistic_1","include_year","formulae_logistic_1","age_1","TRUE","factor(if_else(as.integer(newrace2) %in% c(3, 4, 5), ""Native American/Native Hawaiian/Pacific islander/Asian American"", 
    newrace2), levels = c(""White"", ""Black"", ""Native American/Native Hawaiian/Pacific islander/Asian American"", 
    ""Mixed Race"", ""Hispanic""))","binomial","opioid_use_treatment ~ race","catag3",""" + year""",TRUE
"94","raceBlack",-0.655610347308372,0.000140514605091902,-1.00242412354923,-0.326494631973687,"filter_missing_mdeyr_2","race_2","family_logistic_1","include_year","formulae_logistic_2","age_1","TRUE","factor(if_else(as.integer(newrace2) %in% c(3, 4, 5), ""Native American/Native Hawaiian/Pacific islander/Asian American"", 
    newrace2), levels = c(""White"", ""Black"", ""Native American/Native Hawaiian/Pacific islander/Asian American"", 
    ""Mixed Race"", ""Hispanic""))","binomial","opioid_use_treatment ~ race + age + sex + family_income + pop_density + 
    health_insurance + heroin_use_disorder + nicotine_dependence + 
    alcohol_use_disorder + other_drug_use_disorder","catag3",""" + year""",TRUE
"95","raceBlack",-0.651641244430968,0.000143147258847854,-0.996691862530906,-0.324047398573145,"filter_missing_mdeyr_2","race_2","family_logistic_1","include_year","formulae_logistic_2","age_2","TRUE","factor(if_else(as.integer(newrace2) %in% c(3, 4, 5), ""Native American/Native Hawaiian/Pacific islander/Asian American"", 
    newrace2), levels = c(""White"", ""Black"", ""Native American/Native Hawaiian/Pacific islander/Asian American"", 
    ""Mixed Race"", ""Hispanic""))","binomial","opioid_use_treatment ~ race + age + sex + family_income + pop_density + 
    health_insurance + heroin_use_disorder + nicotine_dependence + 
    alcohol_use_disorder + other_drug_use_disorder","catage",""" + year""",TRUE
"96","raceBlack",-0.607818544385185,0.000309784103709853,-0.947069496951051,-0.285575416872198,"filter_missing_mdeyr_2","race_2","family_logistic_1","include_year","formulae_logistic_2","age_3","TRUE","factor(if_else(as.integer(newrace2) %in% c(3, 4, 5), ""Native American/Native Hawaiian/Pacific islander/Asian American"", 
    newrace2), levels = c(""White"", ""Black"", ""Native American/Native Hawaiian/Pacific islander/Asian American"", 
    ""Mixed Race"", ""Hispanic""))","binomial","opioid_use_treatment ~ race + age + sex + family_income + pop_density + 
    health_insurance + heroin_use_disorder + nicotine_dependence + 
    alcohol_use_disorder + other_drug_use_disorder","catag2",""" + year""",TRUE
"97","raceBlack",-0.65472987025,0.00014645063679529,-1.00202633750638,-0.325179621460619,"filter_missing_mdeyr_2","race_2","family_logistic_1","include_year","formulae_logistic_2","age_4","TRUE","factor(if_else(as.integer(newrace2) %in% c(3, 4, 5), ""Native American/Native Hawaiian/Pacific islander/Asian American"", 
    newrace2), levels = c(""White"", ""Black"", ""Native American/Native Hawaiian/Pacific islander/Asian American"", 
    ""Mixed Race"", ""Hispanic""))","binomial","opioid_use_treatment ~ race + age + sex + family_income + pop_density + 
    health_insurance + heroin_use_disorder + nicotine_dependence + 
    alcohol_use_disorder + other_drug_use_disorder","catag6",""" + year""",TRUE
"98","raceBlack",-0.629878525876888,0.00024991091674995,-0.976094058973822,-0.300990593105413,"filter_missing_mdeyr_2","race_2","family_logistic_1","include_year","formulae_logistic_2","age_5","TRUE","factor(if_else(as.integer(newrace2) %in% c(3, 4, 5), ""Native American/Native Hawaiian/Pacific islander/Asian American"", 
    newrace2), levels = c(""White"", ""Black"", ""Native American/Native Hawaiian/Pacific islander/Asian American"", 
    ""Mixed Race"", ""Hispanic""))","binomial","opioid_use_treatment ~ race + age + sex + family_income + pop_density + 
    health_insurance + heroin_use_disorder + nicotine_dependence + 
    alcohol_use_disorder + other_drug_use_disorder","catag7",""" + year""",TRUE
"99","raceBlack",-0.634554117184838,0.000248168818993216,-0.983246882952535,-0.303458077511341,"filter_missing_mdeyr_2","race_2","family_logistic_1","include_year","formulae_logistic_2","age_6","TRUE","factor(if_else(as.integer(newrace2) %in% c(3, 4, 5), ""Native American/Native Hawaiian/Pacific islander/Asian American"", 
    newrace2), levels = c(""White"", ""Black"", ""Native American/Native Hawaiian/Pacific islander/Asian American"", 
    ""Mixed Race"", ""Hispanic""))","binomial","opioid_use_treatment ~ race + age + sex + family_income + pop_density + 
    health_insurance + heroin_use_disorder + nicotine_dependence + 
    alcohol_use_disorder + other_drug_use_disorder","age2",""" + year""",TRUE
"100","raceBlack",-0.556415708142289,0.00020703662444417,-0.860490515711624,-0.271498440258421,"filter_missing_mdeyr_2","race_2","family_logistic_1","exclude_year","formulae_logistic_1","age_1","TRUE","factor(if_else(as.integer(newrace2) %in% c(3, 4, 5), ""Native American/Native Hawaiian/Pacific islander/Asian American"", 
    newrace2), levels = c(""White"", ""Black"", ""Native American/Native Hawaiian/Pacific islander/Asian American"", 
    ""Mixed Race"", ""Hispanic""))","binomial","opioid_use_treatment ~ race","catag3","""""",TRUE
"101","raceBlack",-0.678997168836951,8.15948585798477e-05,-1.0261279476096,-0.349622627943186,"filter_missing_mdeyr_2","race_2","family_logistic_1","exclude_year","formulae_logistic_2","age_1","TRUE","factor(if_else(as.integer(newrace2) %in% c(3, 4, 5), ""Native American/Native Hawaiian/Pacific islander/Asian American"", 
    newrace2), levels = c(""White"", ""Black"", ""Native American/Native Hawaiian/Pacific islander/Asian American"", 
    ""Mixed Race"", ""Hispanic""))","binomial","opioid_use_treatment ~ race + age + sex + family_income + pop_density + 
    health_insurance + heroin_use_disorder + nicotine_dependence + 
    alcohol_use_disorder + other_drug_use_disorder","catag3","""""",TRUE
"102","raceBlack",-0.672813333138305,8.70012885834067e-05,-1.01804750397861,-0.345074231454802,"filter_missing_mdeyr_2","race_2","family_logistic_1","exclude_year","formulae_logistic_2","age_2","TRUE","factor(if_else(as.integer(newrace2) %in% c(3, 4, 5), ""Native American/Native Hawaiian/Pacific islander/Asian American"", 
    newrace2), levels = c(""White"", ""Black"", ""Native American/Native Hawaiian/Pacific islander/Asian American"", 
    ""Mixed Race"", ""Hispanic""))","binomial","opioid_use_treatment ~ race + age + sex + family_income + pop_density + 
    health_insurance + heroin_use_disorder + nicotine_dependence + 
    alcohol_use_disorder + other_drug_use_disorder","catage","""""",TRUE
"103","raceBlack",-0.631856659376001,0.000179564567984082,-0.97143000826709,-0.30933258921087,"filter_missing_mdeyr_2","race_2","family_logistic_1","exclude_year","formulae_logistic_2","age_3","TRUE","factor(if_else(as.integer(newrace2) %in% c(3, 4, 5), ""Native American/Native Hawaiian/Pacific islander/Asian American"", 
    newrace2), levels = c(""White"", ""Black"", ""Native American/Native Hawaiian/Pacific islander/Asian American"", 
    ""Mixed Race"", ""Hispanic""))","binomial","opioid_use_treatment ~ race + age + sex + family_income + pop_density + 
    health_insurance + heroin_use_disorder + nicotine_dependence + 
    alcohol_use_disorder + other_drug_use_disorder","catag2","""""",TRUE
"104","raceBlack",-0.677254102648026,8.66297928039043e-05,-1.02476680304863,-0.347522036637352,"filter_missing_mdeyr_2","race_2","family_logistic_1","exclude_year","formulae_logistic_2","age_4","TRUE","factor(if_else(as.integer(newrace2) %in% c(3, 4, 5), ""Native American/Native Hawaiian/Pacific islander/Asian American"", 
    newrace2), levels = c(""White"", ""Black"", ""Native American/Native Hawaiian/Pacific islander/Asian American"", 
    ""Mixed Race"", ""Hispanic""))","binomial","opioid_use_treatment ~ race + age + sex + family_income + pop_density + 
    health_insurance + heroin_use_disorder + nicotine_dependence + 
    alcohol_use_disorder + other_drug_use_disorder","catag6","""""",TRUE
"105","raceBlack",-0.648026224513582,0.000165104012119019,-0.994321695860282,-0.319104115721199,"filter_missing_mdeyr_2","race_2","family_logistic_1","exclude_year","formulae_logistic_2","age_5","TRUE","factor(if_else(as.integer(newrace2) %in% c(3, 4, 5), ""Native American/Native Hawaiian/Pacific islander/Asian American"", 
    newrace2), levels = c(""White"", ""Black"", ""Native American/Native Hawaiian/Pacific islander/Asian American"", 
    ""Mixed Race"", ""Hispanic""))","binomial","opioid_use_treatment ~ race + age + sex + family_income + pop_density + 
    health_insurance + heroin_use_disorder + nicotine_dependence + 
    alcohol_use_disorder + other_drug_use_disorder","catag7","""""",TRUE
"106","raceBlack",-0.653117901467,0.000163298851817703,-1.00195521215815,-0.321922633709218,"filter_missing_mdeyr_2","race_2","family_logistic_1","exclude_year","formulae_logistic_2","age_6","TRUE","factor(if_else(as.integer(newrace2) %in% c(3, 4, 5), ""Native American/Native Hawaiian/Pacific islander/Asian American"", 
    newrace2), levels = c(""White"", ""Black"", ""Native American/Native Hawaiian/Pacific islander/Asian American"", 
    ""Mixed Race"", ""Hispanic""))","binomial","opioid_use_treatment ~ race + age + sex + family_income + pop_density + 
    health_insurance + heroin_use_disorder + nicotine_dependence + 
    alcohol_use_disorder + other_drug_use_disorder","age2","""""",TRUE
"107","raceBlack",-0.555923516730305,0.000223075458666577,-0.861170432709118,-0.269681459606019,"filter_missing_mdeyr_2","race_3","family_logistic_1","include_year","formulae_logistic_1","age_1","TRUE","factor(if_else(as.integer(newrace2) %in% c(3, 4, 5, 6), ""Others"", 
    newrace2), levels = c(""White"", ""Black"", ""Hispanic"", ""Others""))","binomial","opioid_use_treatment ~ race","catag3",""" + year""",TRUE
"108","raceBlack",-0.64910542922363,0.000158773676366556,-0.995249645563755,-0.320653405682053,"filter_missing_mdeyr_2","race_3","family_logistic_1","include_year","formulae_logistic_2","age_1","TRUE","factor(if_else(as.integer(newrace2) %in% c(3, 4, 5, 6), ""Others"", 
    newrace2), levels = c(""White"", ""Black"", ""Hispanic"", ""Others""))","binomial","opioid_use_treatment ~ race + age + sex + family_income + pop_density + 
    health_insurance + heroin_use_disorder + nicotine_dependence + 
    alcohol_use_disorder + other_drug_use_disorder","catag3",""" + year""",TRUE
"109","raceBlack",-0.646783775382335,0.000156177233917642,-0.991242379293114,-0.319792945534866,"filter_missing_mdeyr_2","race_3","family_logistic_1","include_year","formulae_logistic_2","age_2","TRUE","factor(if_else(as.integer(newrace2) %in% c(3, 4, 5, 6), ""Others"", 
    newrace2), levels = c(""White"", ""Black"", ""Hispanic"", ""Others""))","binomial","opioid_use_treatment ~ race + age + sex + family_income + pop_density + 
    health_insurance + heroin_use_disorder + nicotine_dependence + 
    alcohol_use_disorder + other_drug_use_disorder","catage",""" + year""",TRUE
"110","raceBlack",-0.599670941938092,0.000363196265413659,-0.938300168550663,-0.278075187750614,"filter_missing_mdeyr_2","race_3","family_logistic_1","include_year","formulae_logistic_2","age_3","TRUE","factor(if_else(as.integer(newrace2) %in% c(3, 4, 5, 6), ""Others"", 
    newrace2), levels = c(""White"", ""Black"", ""Hispanic"", ""Others""))","binomial","opioid_use_treatment ~ race + age + sex + family_income + pop_density + 
    health_insurance + heroin_use_disorder + nicotine_dependence + 
    alcohol_use_disorder + other_drug_use_disorder","catag2",""" + year""",TRUE
"111","raceBlack",-0.647615348701746,0.000167272793319263,-0.994168680549585,-0.318791370555574,"filter_missing_mdeyr_2","race_3","family_logistic_1","include_year","formulae_logistic_2","age_4","TRUE","factor(if_else(as.integer(newrace2) %in% c(3, 4, 5, 6), ""Others"", 
    newrace2), levels = c(""White"", ""Black"", ""Hispanic"", ""Others""))","binomial","opioid_use_treatment ~ race + age + sex + family_income + pop_density + 
    health_insurance + heroin_use_disorder + nicotine_dependence + 
    alcohol_use_disorder + other_drug_use_disorder","catag6",""" + year""",TRUE
"112","raceBlack",-0.622902534325506,0.000287403937342196,-0.968679611789997,-0.294451840342134,"filter_missing_mdeyr_2","race_3","family_logistic_1","include_year","formulae_logistic_2","age_5","TRUE","factor(if_else(as.integer(newrace2) %in% c(3, 4, 5, 6), ""Others"", 
    newrace2), levels = c(""White"", ""Black"", ""Hispanic"", ""Others""))","binomial","opioid_use_treatment ~ race + age + sex + family_income + pop_density + 
    health_insurance + heroin_use_disorder + nicotine_dependence + 
    alcohol_use_disorder + other_drug_use_disorder","catag7",""" + year""",TRUE
"113","raceBlack",-0.625832795906526,0.000295135092490624,-0.973962525107387,-0.29527376789529,"filter_missing_mdeyr_2","race_3","family_logistic_1","include_year","formulae_logistic_2","age_6","TRUE","factor(if_else(as.integer(newrace2) %in% c(3, 4, 5, 6), ""Others"", 
    newrace2), levels = c(""White"", ""Black"", ""Hispanic"", ""Others""))","binomial","opioid_use_treatment ~ race + age + sex + family_income + pop_density + 
    health_insurance + heroin_use_disorder + nicotine_dependence + 
    alcohol_use_disorder + other_drug_use_disorder","age2",""" + year""",TRUE
"114","raceBlack",-0.556415708142331,0.000207036624444324,-0.860490515715451,-0.271498440255196,"filter_missing_mdeyr_2","race_3","family_logistic_1","exclude_year","formulae_logistic_1","age_1","TRUE","factor(if_else(as.integer(newrace2) %in% c(3, 4, 5, 6), ""Others"", 
    newrace2), levels = c(""White"", ""Black"", ""Hispanic"", ""Others""))","binomial","opioid_use_treatment ~ race","catag3","""""",TRUE
"115","raceBlack",-0.672104164295672,9.33401387624526e-05,-1.0185565488512,-0.343370367221067,"filter_missing_mdeyr_2","race_3","family_logistic_1","exclude_year","formulae_logistic_2","age_1","TRUE","factor(if_else(as.integer(newrace2) %in% c(3, 4, 5, 6), ""Others"", 
    newrace2), levels = c(""White"", ""Black"", ""Hispanic"", ""Others""))","binomial","opioid_use_treatment ~ race + age + sex + family_income + pop_density + 
    health_insurance + heroin_use_disorder + nicotine_dependence + 
    alcohol_use_disorder + other_drug_use_disorder","catag3","""""",TRUE
"116","raceBlack",-0.667908678252948,9.53312616917577e-05,-1.01257003713966,-0.340725033882841,"filter_missing_mdeyr_2","race_3","family_logistic_1","exclude_year","formulae_logistic_2","age_2","TRUE","factor(if_else(as.integer(newrace2) %in% c(3, 4, 5, 6), ""Others"", 
    newrace2), levels = c(""White"", ""Black"", ""Hispanic"", ""Others""))","binomial","opioid_use_treatment ~ race + age + sex + family_income + pop_density + 
    health_insurance + heroin_use_disorder + nicotine_dependence + 
    alcohol_use_disorder + other_drug_use_disorder","catage","""""",TRUE
"117","raceBlack",-0.623191364385477,0.000214076641194036,-0.962137731635371,-0.301293821248929,"filter_missing_mdeyr_2","race_3","family_logistic_1","exclude_year","formulae_logistic_2","age_3","TRUE","factor(if_else(as.integer(newrace2) %in% c(3, 4, 5, 6), ""Others"", 
    newrace2), levels = c(""White"", ""Black"", ""Hispanic"", ""Others""))","binomial","opioid_use_treatment ~ race + age + sex + family_income + pop_density + 
    health_insurance + heroin_use_disorder + nicotine_dependence + 
    alcohol_use_disorder + other_drug_use_disorder","catag2","""""",TRUE
"118","raceBlack",-0.669854935484755,0.000100000726128436,-1.01663065513721,-0.34081463609089,"filter_missing_mdeyr_2","race_3","family_logistic_1","exclude_year","formulae_logistic_2","age_4","TRUE","factor(if_else(as.integer(newrace2) %in% c(3, 4, 5, 6), ""Others"", 
    newrace2), levels = c(""White"", ""Black"", ""Hispanic"", ""Others""))","binomial","opioid_use_treatment ~ race + age + sex + family_income + pop_density + 
    health_insurance + heroin_use_disorder + nicotine_dependence + 
    alcohol_use_disorder + other_drug_use_disorder","catag6","""""",TRUE
"119","raceBlack",-0.640936458826965,0.00019126279751974,-0.986817575262076,-0.312400556266425,"filter_missing_mdeyr_2","race_3","family_logistic_1","exclude_year","formulae_logistic_2","age_5","TRUE","factor(if_else(as.integer(newrace2) %in% c(3, 4, 5, 6), ""Others"", 
    newrace2), levels = c(""White"", ""Black"", ""Hispanic"", ""Others""))","binomial","opioid_use_treatment ~ race + age + sex + family_income + pop_density + 
    health_insurance + heroin_use_disorder + nicotine_dependence + 
    alcohol_use_disorder + other_drug_use_disorder","catag7","""""",TRUE
"120","raceBlack",-0.643734808078786,0.000198128396468001,-0.992022168457765,-0.313038407460405,"filter_missing_mdeyr_2","race_3","family_logistic_1","exclude_year","formulae_logistic_2","age_6","TRUE","factor(if_else(as.integer(newrace2) %in% c(3, 4, 5, 6), ""Others"", 
    newrace2), levels = c(""White"", ""Black"", ""Hispanic"", ""Others""))","binomial","opioid_use_treatment ~ race + age + sex + family_income + pop_density + 
    health_insurance + heroin_use_disorder + nicotine_dependence + 
    alcohol_use_disorder + other_drug_use_disorder","age2","""""",TRUE
